epoch,time,train/box_loss,train/cls_loss,train/dfl_loss,metrics/precision(B),metrics/recall(B),metrics/mAP50(B),metrics/mAP50-95(B),val/box_loss,val/cls_loss,val/dfl_loss,lr/pg0,lr/pg1,lr/pg2
1,32.0449,0.91038,4.38262,0.95497,0.00115,0.21667,0.03334,0.03078,0.84214,4.11875,0.87995,5.716e-05,5.716e-05,5.716e-05
2,54.8818,1.03534,3.90856,1.08844,0.00271,0.7,0.16649,0.13561,0.96567,4.03613,0.84951,0.000126064,0.000126064,0.000126064
3,86.8257,0.93181,3.7009,0.8892,0.00437,0.84444,0.21771,0.16579,0.83332,3.85965,0.82222,0.000192138,0.000192138,0.000192138
4,117.676,0.83732,2.38227,0.88315,0.00465,0.86667,0.28264,0.23671,0.83731,3.8569,0.81907,0.000255382,0.000255382,0.000255382
5,148.049,0.79853,2.00695,0.87721,0.00361,0.76667,0.36616,0.31176,0.83465,3.82356,0.82398,0.000315798,0.000315798,0.000315798
6,178.589,0.75159,2.03336,0.89665,0.00286,0.69444,0.48973,0.39868,0.84417,3.76996,0.82868,0.000373383,0.000373383,0.000373383
7,209.109,0.69461,1.5699,0.85671,0.0027,0.69444,0.42913,0.26687,0.90655,3.758,0.85258,0.00042814,0.00042814,0.00042814
8,240.278,0.78803,1.55684,0.89703,0.00247,0.67778,0.15884,0.11348,0.83662,3.81181,0.85707,0.000480067,0.000480067,0.000480067
9,255.756,0.79906,2.79016,0.9255,0.00231,0.64444,0.01429,0.01145,0.83205,3.92935,0.89514,0.000529164,0.000529164,0.000529164
10,269.016,0.73811,1.35462,0.89677,0.00308,0.74444,0.00491,0.00422,0.84066,4.02222,0.9262,0.000575433,0.000575433,0.000575433
11,283.165,0.78868,1.42602,0.94165,0.00338,0.76111,0.00317,0.00259,0.85299,4.15073,0.93876,0.000618871,0.000618871,0.000618871
12,299.106,0.83423,1.36549,0.92621,0.00373,0.81111,0.00713,0.00536,0.95816,6.35852,0.96515,0.000659481,0.000659481,0.000659481
13,314.66,0.61126,2.5499,0.72896,0.00419,0.88889,0.01312,0.00992,0.94347,7.90461,0.96164,0.000697261,0.000697261,0.000697261
14,330.636,0.77131,1.30393,0.87056,0.00354,0.81111,0.0165,0.01334,0.87341,9.96615,0.9198,0.000732211,0.000732211,0.000732211
15,346.545,0.73925,1.14993,0.87484,0.11865,0.11111,0.13114,0.09269,0.91169,10.2144,0.98344,0.000764332,0.000764332,0.000764332
16,362.149,0.73389,1.0895,0.90401,0.33718,0.51218,0.33205,0.23217,0.92938,10.156,1.02468,0.000793624,0.000793624,0.000793624
17,378.204,0.68978,1.16929,0.88247,0.07358,0.48755,0.08028,0.06489,0.87606,11.7305,0.92613,0.000820086,0.000820086,0.000820086
18,393.949,0.70711,1.23793,0.89342,0.65155,0.35556,0.57738,0.459,0.856,5.21433,0.91902,0.000843719,0.000843719,0.000843719
19,409.751,0.71082,1.07324,0.86045,0.39259,0.49378,0.57687,0.46098,0.86345,3.93233,0.92638,0.000864522,0.000864522,0.000864522
20,425.449,0.73721,1.39324,0.91461,0.85862,0.66791,0.85874,0.72771,0.86607,2.76061,0.93402,0.000882496,0.000882496,0.000882496
21,441.254,0.75986,1.07492,0.9166,0.84379,0.8,0.86473,0.76517,0.8666,2.49875,0.94092,0.000863116,0.000863116,0.000863116
22,457.004,0.56016,2.0841,0.69502,0.60444,0.67083,0.73575,0.65518,0.86813,2.58391,0.95945,0.000834822,0.000834822,0.000834822
23,472.969,0.67804,1.07735,0.86739,0.59706,0.77778,0.73725,0.65349,0.89935,2.42719,0.98686,0.000806528,0.000806528,0.000806528
24,489.158,0.66836,1.08851,0.88546,0.88521,0.85783,0.92864,0.77779,0.89065,1.62774,0.9645,0.000778233,0.000778233,0.000778233
25,504.654,0.79789,1.13283,0.90492,0.86528,0.85587,0.93959,0.74622,0.86518,1.57083,0.94368,0.000749939,0.000749939,0.000749939
26,520.136,0.65835,0.94417,0.8414,0.84803,0.85048,0.94707,0.74771,0.85624,1.65771,0.93069,0.000721645,0.000721645,0.000721645
27,535.378,0.65963,1.17278,0.89749,0.73822,0.90047,0.94775,0.74061,0.87705,1.7726,0.94264,0.000693351,0.000693351,0.000693351
28,550.679,0.84982,1.07388,0.88792,0.89093,0.80643,0.94305,0.74319,0.85586,1.48007,0.96439,0.000665057,0.000665057,0.000665057
29,565.89,0.65677,0.99683,0.87831,0.90183,0.84808,0.9518,0.78149,0.82677,1.37466,0.94767,0.000636762,0.000636762,0.000636762
30,581.39,0.70659,0.94424,0.8563,0.94334,0.86704,0.95956,0.78942,0.81434,1.30087,0.94296,0.000608468,0.000608468,0.000608468
31,596.638,0.67455,0.93467,0.87682,0.95719,0.85573,0.96664,0.79585,0.79919,1.30467,0.93905,0.000580174,0.000580174,0.000580174
32,612.125,0.5719,0.99896,0.91599,0.91741,0.8987,0.95986,0.80266,0.78073,1.17573,0.94835,0.00055188,0.00055188,0.00055188
33,627.743,0.66632,0.89263,0.88973,0.91143,0.90978,0.96896,0.8036,0.76913,1.16447,0.94358,0.000523586,0.000523586,0.000523586
34,643.361,0.58736,0.88515,0.83587,0.90893,0.89493,0.96854,0.81116,0.77156,1.14633,0.94488,0.000495291,0.000495291,0.000495291
35,658.825,0.57655,0.95701,0.8403,0.94935,0.87689,0.96413,0.80401,0.76655,1.14105,0.93845,0.000466997,0.000466997,0.000466997
36,674.435,0.65598,0.95647,0.86257,0.95792,0.90711,0.95438,0.80532,0.77448,1.05997,0.93437,0.000438703,0.000438703,0.000438703
37,690.442,0.52392,1.00772,0.84767,0.95449,0.9117,0.9604,0.77335,0.76165,1.03623,0.92999,0.000410409,0.000410409,0.000410409
38,705.664,0.51692,0.8556,0.8109,0.95471,0.91122,0.96707,0.7737,0.75446,1.0348,0.92405,0.000382115,0.000382115,0.000382115
39,720.933,0.63211,0.92029,0.85721,0.91483,0.91317,0.96753,0.80356,0.75726,1.05492,0.92017,0.00035382,0.00035382,0.00035382
40,736.335,0.49959,0.87377,0.81917,0.95051,0.857,0.97234,0.80987,0.75478,1.04836,0.9181,0.000325526,0.000325526,0.000325526
41,762.09,0.51741,1.01993,0.83821,0.95282,0.8688,0.97494,0.81407,0.75429,1.02223,0.91652,0.000297232,0.000297232,0.000297232
42,777.357,0.55991,1.07553,0.81757,0.90407,0.92565,0.98315,0.81922,0.7551,0.99066,0.91416,0.000268938,0.000268938,0.000268938
43,791.179,0.5084,1.00021,0.79851,0.9553,0.89455,0.98421,0.82556,0.7521,0.98197,0.91284,0.000240644,0.000240644,0.000240644
44,805.44,0.56322,1.14209,0.87352,0.97203,0.90366,0.97833,0.82257,0.73381,0.96424,0.91042,0.000212349,0.000212349,0.000212349
45,834.79,0.49497,0.96466,0.82708,0.97239,0.91097,0.97627,0.82229,0.72784,0.94792,0.90943,0.000184055,0.000184055,0.000184055
46,864.402,0.51424,1.04548,0.8234,0.97214,0.91457,0.97722,0.82271,0.72659,0.92866,0.9111,0.000155761,0.000155761,0.000155761
47,894.382,0.4966,0.90326,0.81611,0.97354,0.91621,0.97243,0.81887,0.72399,0.92246,0.91073,0.000127467,0.000127467,0.000127467
48,924.184,0.4926,0.93876,0.83731,0.97791,0.91745,0.97854,0.82388,0.72564,0.91387,0.9113,9.91726e-05,9.91726e-05,9.91726e-05
49,954.363,0.46238,0.95831,0.81406,0.97756,0.91779,0.98123,0.82872,0.72763,0.90727,0.91118,7.08784e-05,7.08784e-05,7.08784e-05
50,983.058,0.56641,0.9735,0.81381,0.97675,0.91771,0.98088,0.82862,0.72792,0.90778,0.91093,4.25842e-05,4.25842e-05,4.25842e-05
